points,v0,openpnm_time,asm_time,sol_time
500,0.0,0.2874777999968501,1.2694893000007141,0.06759880000026897
500,0.0001,0.2874777999968501,1.4236691999976756,0.07592619999195449
500,0.01,0.2874777999968501,1.61369480000576,0.07884940000076313
2000,0.0,0.14302089999546297,42.74215359998925,1.17153339998913
2000,0.0001,0.14302089999546297,33.23806499999773,1.4932979000004707
2000,0.01,0.14302089999546297,38.808978700006264,1.6745244999910938
