{
  "seed": 104,
  "L": 0.0003981071705534,
  "Np": 344,
  "Nt": 586,
  "density": 1000000000000.0,
  "sample_id": 104,
  "created_utc": "2025-11-23T21:26:02.731902"
}