{
  "seed": 105,
  "L": 2.51188643150958e-06,
  "Np": 43,
  "Nt": 60,
  "density": 1000000000000.0,
  "sample_id": 105,
  "created_utc": "2025-11-23T21:25:44.331632"
}