{
  "seed": 105,
  "L": 0.0001584893192461,
  "Np": 120,
  "Nt": 168,
  "density": 1000000000000.0,
  "sample_id": 105,
  "created_utc": "2025-11-23T21:25:58.396481"
}