{
  "seed": 101,
  "L": 0.0015848931924611,
  "Np": 25422,
  "Nt": 48805,
  "density": 1000000000000.0,
  "sample_id": 101,
  "created_utc": "2025-11-23T21:26:25.941323"
}