{
  "seed": 107,
  "L": 0.0002511886431509,
  "Np": 164,
  "Nt": 238,
  "density": 1000000000000.0,
  "sample_id": 107,
  "created_utc": "2025-11-23T21:26:00.992299"
}