{
  "seed": 107,
  "L": 0.0015848931924611,
  "Np": 25494,
  "Nt": 48933,
  "density": 1000000000000.0,
  "sample_id": 107,
  "created_utc": "2025-11-23T21:26:54.996462"
}