{
  "seed": 100,
  "L": 0.0025118864315095,
  "Np": 110801,
  "Nt": 214580,
  "density": 1000000000000.0,
  "sample_id": 100,
  "created_utc": "2025-11-23T21:27:15.913588"
}