{
  "seed": 101,
  "L": 3.98107170553497e-05,
  "Np": 121,
  "Nt": 168,
  "density": 1000000000000.0,
  "sample_id": 101,
  "created_utc": "2025-11-23T21:25:53.211646"
}