{
  "seed": 103,
  "L": 0.0002511886431509,
  "Np": 167,
  "Nt": 238,
  "density": 1000000000000.0,
  "sample_id": 103,
  "created_utc": "2025-11-23T21:25:59.857956"
}