{
  "seed": 101,
  "L": 0.0003981071705534,
  "Np": 327,
  "Nt": 550,
  "density": 1000000000000.0,
  "sample_id": 101,
  "created_utc": "2025-11-23T21:26:01.721124"
}