{
  "seed": 102,
  "L": 1.58489319246111e-07,
  "Np": 37,
  "Nt": 49,
  "density": 1000000000000.0,
  "sample_id": 102,
  "created_utc": "2025-11-23T21:25:37.770650"
}