{
  "seed": 103,
  "L": 3.98107170553497e-07,
  "Np": 89,
  "Nt": 130,
  "density": 1000000000000.0,
  "sample_id": 103,
  "created_utc": "2025-11-23T21:25:39.972093"
}