{
  "seed": 106,
  "L": 0.0015848931924611,
  "Np": 25445,
  "Nt": 48863,
  "density": 1000000000000.0,
  "sample_id": 106,
  "created_utc": "2025-11-23T21:26:49.658011"
}