{
  "seed": 105,
  "L": 1.58489319246111e-05,
  "Np": 84,
  "Nt": 132,
  "density": 1000000000000.0,
  "sample_id": 105,
  "created_utc": "2025-11-23T21:25:49.358310"
}