{
  "seed": 107,
  "L": 3.98107170553497e-06,
  "Np": 38,
  "Nt": 49,
  "density": 1000000000000.0,
  "sample_id": 107,
  "created_utc": "2025-11-23T21:25:46.159022"
}