{
  "seed": 105,
  "L": 2.51188643150958e-08,
  "Np": 84,
  "Nt": 132,
  "density": 1000000000000.0,
  "sample_id": 105,
  "created_utc": "2025-11-23T21:25:35.157299"
}