{
  "seed": 104,
  "L": 3.98107170553497e-08,
  "Np": 86,
  "Nt": 134,
  "density": 1000000000000.0,
  "sample_id": 104,
  "created_utc": "2025-11-23T21:25:36.072507"
}