{
  "seed": 103,
  "L": 0.0015848931924611,
  "Np": 25318,
  "Nt": 48668,
  "density": 1000000000000.0,
  "sample_id": 103,
  "created_utc": "2025-11-23T21:26:36.343579"
}