{
  "seed": 103,
  "L": 0.0003981071705534,
  "Np": 349,
  "Nt": 582,
  "density": 1000000000000.0,
  "sample_id": 103,
  "created_utc": "2025-11-23T21:26:02.397037"
}