{
  "seed": 101,
  "L": 0.0001584893192461,
  "Np": 121,
  "Nt": 168,
  "density": 1000000000000.0,
  "sample_id": 101,
  "created_utc": "2025-11-23T21:25:57.299517"
}