{
  "seed": 100,
  "L": 0.0002511886431509,
  "Np": 178,
  "Nt": 260,
  "density": 1000000000000.0,
  "sample_id": 100,
  "created_utc": "2025-11-23T21:25:59.184486"
}