{
  "seed": 100,
  "L": 0.0003981071705534,
  "Np": 318,
  "Nt": 532,
  "density": 1000000000000.0,
  "sample_id": 100,
  "created_utc": "2025-11-23T21:26:01.356912"
}