{
  "seed": 106,
  "L": 0.0002511886431509,
  "Np": 181,
  "Nt": 262,
  "density": 1000000000000.0,
  "sample_id": 106,
  "created_utc": "2025-11-23T21:26:00.617537"
}