{
  "seed": 102,
  "L": 0.0025118864315095,
  "Np": 110532,
  "Nt": 213950,
  "density": 1000000000000.0,
  "sample_id": 102,
  "created_utc": "2025-11-23T21:27:56.370422"
}