{
  "seed": 107,
  "L": 1.58489319246111e-07,
  "Np": 38,
  "Nt": 49,
  "density": 1000000000000.0,
  "sample_id": 107,
  "created_utc": "2025-11-23T21:25:38.446830"
}