{
  "seed": 106,
  "L": 2.51188643150958e-08,
  "Np": 94,
  "Nt": 144,
  "density": 1000000000000.0,
  "sample_id": 106,
  "created_utc": "2025-11-23T21:25:35.272561"
}