{
  "seed": 105,
  "L": 0.0002511886431509,
  "Np": 176,
  "Nt": 256,
  "density": 1000000000000.0,
  "sample_id": 105,
  "created_utc": "2025-11-23T21:26:00.319286"
}