{
  "seed": 107,
  "L": 0.0003981071705534,
  "Np": 336,
  "Nt": 553,
  "density": 1000000000000.0,
  "sample_id": 107,
  "created_utc": "2025-11-23T21:26:03.708601"
}