{
  "seed": 100,
  "L": 3.98107170553497e-05,
  "Np": 122,
  "Nt": 170,
  "density": 1000000000000.0,
  "sample_id": 100,
  "created_utc": "2025-11-23T21:25:52.942658"
}