{
  "seed": 101,
  "L": 1.58489319246111e-07,
  "Np": 40,
  "Nt": 53,
  "density": 1000000000000.0,
  "sample_id": 101,
  "created_utc": "2025-11-23T21:25:37.632995"
}