{
  "seed": 102,
  "L": 0.0015848931924611,
  "Np": 25339,
  "Nt": 48684,
  "density": 1000000000000.0,
  "sample_id": 102,
  "created_utc": "2025-11-23T21:26:31.652090"
}