{
  "seed": 101,
  "L": 1.58489319246111e-05,
  "Np": 85,
  "Nt": 132,
  "density": 1000000000000.0,
  "sample_id": 101,
  "created_utc": "2025-11-23T21:25:48.189312"
}