{
  "seed": 103,
  "L": 0.0025118864315095,
  "Np": 110593,
  "Nt": 214234,
  "density": 1000000000000.0,
  "sample_id": 103,
  "created_utc": "2025-11-23T21:28:14.413927"
}