{
  "seed": 100,
  "L": 2.51188643150958e-05,
  "Np": 45,
  "Nt": 62,
  "density": 1000000000000.0,
  "sample_id": 100,
  "created_utc": "2025-11-23T21:25:50.551172"
}