{
  "seed": 100,
  "L": 0.0015848931924611,
  "Np": 25451,
  "Nt": 48900,
  "density": 1000000000000.0,
  "sample_id": 100,
  "created_utc": "2025-11-23T21:26:20.739001"
}