{
  "seed": 106,
  "L": 0.0001584893192461,
  "Np": 128,
  "Nt": 178,
  "density": 1000000000000.0,
  "sample_id": 106,
  "created_utc": "2025-11-23T21:25:58.723178"
}