{
  "seed": 105,
  "L": 3.98107170553497e-05,
  "Np": 120,
  "Nt": 168,
  "density": 1000000000000.0,
  "sample_id": 105,
  "created_utc": "2025-11-23T21:25:54.173500"
}