{
  "seed": 101,
  "L": 2.51188643150958e-08,
  "Np": 88,
  "Nt": 135,
  "density": 1000000000000.0,
  "sample_id": 101,
  "created_utc": "2025-11-23T21:25:34.604278"
}