{
  "seed": 102,
  "L": 0.0001584893192461,
  "Np": 119,
  "Nt": 164,
  "density": 1000000000000.0,
  "sample_id": 102,
  "created_utc": "2025-11-23T21:25:57.522769"
}