{
  "seed": 106,
  "L": 2.51188643150958e-07,
  "Np": 49,
  "Nt": 66,
  "density": 1000000000000.0,
  "sample_id": 106,
  "created_utc": "2025-11-23T21:25:39.339533"
}