{
  "seed": 106,
  "L": 0.0003981071705534,
  "Np": 309,
  "Nt": 517,
  "density": 1000000000000.0,
  "sample_id": 106,
  "created_utc": "2025-11-23T21:26:03.421353"
}