{
  "seed": 103,
  "L": 3.98107170553497e-05,
  "Np": 117,
  "Nt": 158,
  "density": 1000000000000.0,
  "sample_id": 103,
  "created_utc": "2025-11-23T21:25:53.775082"
}