{
  "seed": 104,
  "L": 0.0015848931924611,
  "Np": 25568,
  "Nt": 49126,
  "density": 1000000000000.0,
  "sample_id": 104,
  "created_utc": "2025-11-23T21:26:40.960310"
}