{
  "seed": 103,
  "L": 2.51188643150958e-08,
  "Np": 89,
  "Nt": 130,
  "density": 1000000000000.0,
  "sample_id": 103,
  "created_utc": "2025-11-23T21:25:34.894899"
}