{
  "seed": 100,
  "L": 1.58489319246111e-06,
  "Np": 45,
  "Nt": 62,
  "density": 1000000000000.0,
  "sample_id": 100,
  "created_utc": "2025-11-23T21:25:42.384624"
}