{
  "seed": 107,
  "L": 0.0001584893192461,
  "Np": 118,
  "Nt": 162,
  "density": 1000000000000.0,
  "sample_id": 107,
  "created_utc": "2025-11-23T21:25:58.973747"
}