{
  "seed": 100,
  "L": 2.51188643150958e-08,
  "Np": 86,
  "Nt": 134,
  "density": 1000000000000.0,
  "sample_id": 100,
  "created_utc": "2025-11-23T21:25:34.444017"
}