{
  "seed": 104,
  "L": 0.0002511886431509,
  "Np": 179,
  "Nt": 260,
  "density": 1000000000000.0,
  "sample_id": 104,
  "created_utc": "2025-11-23T21:26:00.067443"
}