{
  "seed": 104,
  "L": 1.58489319246111e-06,
  "Np": 42,
  "Nt": 56,
  "density": 1000000000000.0,
  "sample_id": 104,
  "created_utc": "2025-11-23T21:25:42.963737"
}