{
  "seed": 103,
  "L": 2.51188643150958e-05,
  "Np": 54,
  "Nt": 72,
  "density": 1000000000000.0,
  "sample_id": 103,
  "created_utc": "2025-11-23T21:25:51.479045"
}