{
  "seed": 106,
  "L": 3.98107170553497e-06,
  "Np": 49,
  "Nt": 66,
  "density": 1000000000000.0,
  "sample_id": 106,
  "created_utc": "2025-11-23T21:25:46.027981"
}