{
  "seed": 107,
  "L": 1.58489319246111e-08,
  "Np": 82,
  "Nt": 126,
  "density": 1000000000000.0,
  "sample_id": 107,
  "created_utc": "2025-11-23T21:25:34.286595"
}