{
  "seed": 102,
  "L": 2.51188643150958e-08,
  "Np": 83,
  "Nt": 128,
  "density": 1000000000000.0,
  "sample_id": 102,
  "created_utc": "2025-11-23T21:25:34.751427"
}