{
  "seed": 101,
  "L": 0.0002511886431509,
  "Np": 171,
  "Nt": 252,
  "density": 1000000000000.0,
  "sample_id": 101,
  "created_utc": "2025-11-23T21:25:59.406899"
}