{
  "seed": 103,
  "L": 3.98107170553497e-06,
  "Np": 54,
  "Nt": 72,
  "density": 1000000000000.0,
  "sample_id": 103,
  "created_utc": "2025-11-23T21:25:45.571310"
}