{
  "seed": 105,
  "L": 0.0015848931924611,
  "Np": 25474,
  "Nt": 48982,
  "density": 1000000000000.0,
  "sample_id": 105,
  "created_utc": "2025-11-23T21:26:44.959805"
}