{
  "seed": 102,
  "L": 2.51188643150958e-06,
  "Np": 37,
  "Nt": 49,
  "density": 1000000000000.0,
  "sample_id": 102,
  "created_utc": "2025-11-23T21:25:43.848620"
}