{
  "seed": 102,
  "L": 0.0003981071705534,
  "Np": 341,
  "Nt": 572,
  "density": 1000000000000.0,
  "sample_id": 102,
  "created_utc": "2025-11-23T21:26:02.068469"
}