{
  "seed": 105,
  "L": 0.0003981071705534,
  "Np": 361,
  "Nt": 615,
  "density": 1000000000000.0,
  "sample_id": 105,
  "created_utc": "2025-11-23T21:26:03.158645"
}