{
  "seed": 104,
  "L": 2.51188643150958e-06,
  "Np": 42,
  "Nt": 56,
  "density": 1000000000000.0,
  "sample_id": 104,
  "created_utc": "2025-11-23T21:25:44.137848"
}