{
  "seed": 101,
  "L": 0.0025118864315095,
  "Np": 110634,
  "Nt": 214204,
  "density": 1000000000000.0,
  "sample_id": 101,
  "created_utc": "2025-11-23T21:27:33.508553"
}